{
    "model_1_accuracy": 0.9522983521248916,
    "model_1_precision": 0.46865671641791046,
    "model_1_recall": 0.7889447236180904,
    "model_1_f1": 0.5880149812734082,
    "model_1_mcc": 0.5860797564588076,
    "model_1_auc": 0.967924826944603,
    "model_1_pr_auc": 0.5625005563702119,
    "model_1_tn": 4235,
    "model_1_fp": 178,
    "model_1_fn": 42,
    "model_1_tp": 157,
    "model_2_accuracy": 0.9507805724197745,
    "model_2_precision": 0.45625,
    "model_2_recall": 0.7336683417085427,
    "model_2_f1": 0.5626204238921002,
    "model_2_mcc": 0.555134095918106,
    "model_2_auc": 0.9606074788171539,
    "model_2_pr_auc": 0.5509765440087172,
    "model_2_tn": 4239,
    "model_2_fp": 174,
    "model_2_fn": 53,
    "model_2_tp": 146,
    "model_3_accuracy": 0.9603209019947961,
    "model_3_precision": 0.5298507462686567,
    "model_3_recall": 0.7135678391959799,
    "model_3_f1": 0.6081370449678801,
    "model_3_mcc": 0.5949518327481292,
    "model_3_auc": 0.9670935689095831,
    "model_3_pr_auc": 0.6062028014570319,
    "model_3_tn": 4287,
    "model_3_fp": 126,
    "model_3_fn": 57,
    "model_3_tp": 142,
    "model_4_accuracy": 0.9549002601908065,
    "model_4_precision": 0.486404833836858,
    "model_4_recall": 0.8090452261306532,
    "model_4_f1": 0.6075471698113207,
    "model_4_mcc": 0.6065859085942997,
    "model_4_auc": 0.970582005882574,
    "model_4_pr_auc": 0.6480914123092415,
    "model_4_tn": 4243,
    "model_4_fp": 170,
    "model_4_fn": 38,
    "model_4_tp": 161,
    "model_5_accuracy": 0.9566348655680833,
    "model_5_precision": 0.49838187702265374,
    "model_5_recall": 0.7738693467336684,
    "model_5_f1": 0.6062992125984252,
    "model_5_mcc": 0.6003764412119511,
    "model_5_auc": 0.9700826817067436,
    "model_5_pr_auc": 0.6211448497676437,
    "model_5_tn": 4258,
    "model_5_fp": 155,
    "model_5_fn": 45,
    "model_5_tp": 154,
    "ensemble_avg_pool_accuracy": 0.9575021682567216,
    "ensemble_avg_pool_precision": 0.5050167224080268,
    "ensemble_avg_pool_recall": 0.7587939698492462,
    "ensemble_avg_pool_f1": 0.606425702811245,
    "ensemble_avg_pool_mcc": 0.5984941702405728,
    "ensemble_avg_pool_auc": 0.9698446913926076,
    "ensemble_avg_pool_pr_auc": 0.6033005568213125,
    "ensemble_avg_pool_tn": 4265,
    "ensemble_avg_pool_fp": 148,
    "ensemble_avg_pool_fn": 48,
    "ensemble_avg_pool_tp": 151,
    "ensemble_majority_vote_accuracy": 0.9570685169124025,
    "ensemble_majority_vote_precision": 0.5016611295681063,
    "ensemble_majority_vote_recall": 0.7587939698492462,
    "ensemble_majority_vote_f1": 0.604,
    "ensemble_majority_vote_mcc": 0.5962680195437736,
    "ensemble_majority_vote_auc": 0.9698446913926076,
    "ensemble_majority_vote_pr_auc": 0.6033005568213125,
    "ensemble_majority_vote_tn": 4263,
    "ensemble_majority_vote_fp": 150,
    "ensemble_majority_vote_fn": 48,
    "ensemble_majority_vote_tp": 151
}