{
  "n": 4612,
  "threshold": 0.5,
  "accuracy": 0.9575021682567216,
  "precision": 0.5050167224080268,
  "recall": 0.7587939698492462,
  "f1": 0.606425702811245,
  "mcc": 0.5984941702405728,
  "roc_auc": 0.9698446913926076,
  "pr_auc": 0.6033005568213125,
  "confusion_matrix_tn_fp_fn_tp": [
    4265,
    148,
    48,
    151
  ]
}
