{
  "HP-S2C2": {
    "n": 10,
    "spearman": {
      "mean": 0.940691497059186,
      "sample_sd": 0.011721778993021039,
      "population_sd": 0.01112025595411843
    },
    "pearson": {
      "mean": 0.9712297519760659,
      "sample_sd": 0.011108760968710829,
      "population_sd": 0.010538695993051411
    },
    "rmse": {
      "mean": 8.774864435195923,
      "sample_sd": 1.6184088866948052,
      "population_sd": 1.535357480223888
    },
    "mae": {
      "mean": 4.0761702299118046,
      "sample_sd": 0.5965986526837361,
      "population_sd": 0.5659831774404998
    },
    "r2": {
      "mean": 0.9423974792305275,
      "sample_sd": 0.021512715186094676,
      "population_sd": 0.02040875359276567
    }
  },
  "HP-S2C5": {
    "n": 10,
    "spearman": {
      "mean": 0.9259327618111639,
      "sample_sd": 0.03274526120471024,
      "population_sd": 0.031064882395210047
    },
    "pearson": {
      "mean": 0.9561879169868381,
      "sample_sd": 0.028892047449695066,
      "population_sd": 0.02740940286200865
    },
    "rmse": {
      "mean": 7.216280174255371,
      "sample_sd": 2.2537048749247615,
      "population_sd": 2.1380521735761433
    },
    "mae": {
      "mean": 4.030584836006165,
      "sample_sd": 1.5184827703637214,
      "population_sd": 1.4405592426215363
    },
    "r2": {
      "mean": 0.9086296452036595,
      "sample_sd": 0.05793894366243541,
      "population_sd": 0.05496570815924214
    }
  },
  "HP-S": {
    "n": 4,
    "spearman": {
      "mean": 0.8993906859685619,
      "sample_sd": 0.001416176213257851,
      "population_sd": 0.0012264445769165477
    },
    "pearson": {
      "mean": 0.90447325686263,
      "sample_sd": 0.0015254602628329672,
      "population_sd": 0.0013210873400770365
    },
    "rmse": {
      "mean": 10.801130056381226,
      "sample_sd": 0.0744256092756975,
      "population_sd": 0.06445446832488878
    },
    "mae": {
      "mean": 7.224902868270874,
      "sample_sd": 0.09310613658992084,
      "population_sd": 0.08063227953509529
    },
    "r2": {
      "mean": 0.8167216340529875,
      "sample_sd": 0.0025195978414005713,
      "population_sd": 0.0021820357379733297
    }
  }
}
